{
  "IsEncrypted": false,
  "Values": {
    "AzureWebJobsStorage": "DefaultEndpointsProtocol=https;AccountName=sensorcw1;AccountKey=LSa9xepObW1ARL6s7TjIPv5nRpt+EyhODg0YSVrRqZrax3JSszfDupexBsQAw6rEVwKSqKiiT6tT+AStrlXsVQ==;EndpointSuffix=core.windows.net",
    "FUNCTIONS_WORKER_RUNTIME": "python",
    "AzureWebJobsFeatureFlags": "EnableWorkerIndexing",
    "FUNCTIONS_EXTENSION_VERSION": "~4",
    "WEBSITE_CONTENTAZUREFILECONNECTIONSTRING": "DefaultEndpointsProtocol=https;AccountName=sensorcw1;AccountKey=LSa9xepObW1ARL6s7TjIPv5nRpt+EyhODg0YSVrRqZrax3JSszfDupexBsQAw6rEVwKSqKiiT6tT+AStrlXsVQ==;EndpointSuffix=core.windows.net",
    "WEBSITE_CONTENTSHARE": "sensor-cw19b975e",
    "APPINSIGHTS_INSTRUMENTATIONKEY": "29028ecb-42b2-4966-bee2-4e3ec9a61c07",
    "SqlConnectionString": "Server=tcp:distribute-server.database.windows.net,1433;Initial Catalog=distributedDb;Persist Security Info=False;User ID=sc20tcl;Password=L1nknpl0p13!;MultipleActiveResultSets=False;Encrypt=True;TrustServerCertificate=False;Connection Timeout=30;"
  }
}